Sl No,MP Name,Constituency ,Entitlement,FundReceivedGOI,AmountAvailable,WorksRecommCost,WSCost,ActualExpenditureIncurred,UtilizationOverRelease,UnspentBalance
1, kuldeep rai sharma, ANDAMAN AND NICOBAR ISLANDS,17,5,5.2038,18.2939,10.9222,2.5269,50.538,2.6769
2, Srinivas Kesineni, VIJAYAWADA,17,9.5,15.3459,36.0984,22.8532,12.5675,130.289474,2.7784
3, Kuruva Gorantla Madhav, HINDUPUR,17,9.5,18.5668,34.0322,25.2437,16.1535,168.036842,2.4133
4, MVVV Satyanarayana, MVVV VISAKHAPATNAM,17,7,9.6406,8.9386,8.6086,7.6388,107.697143,2.0018
5, Raghu Ramakrishna Raju Kanumuru, NARASAPURAM,17,5,11.7435,12.35,6.96,2.1454,40.908,9.5981
6, Maddila Gurumoorthy, TIRUPATI(SC),12,2,12.6146,25.9159,22.5134,10,498,2.6146
7, Beesetti Venkata Satyavathi, ANAKAPALLE,17,7,16.1463,20.8276,15.7482,13.3994,189.42,2.7469
8, Talari Rangaiah, ANANTAPUR,24.5,7,10.9197,27.7902,22.5322,9.7397,137.138571,1.18
9, Pocha Brahmananda Reddy, NANDYAL,27,17,18.3777,22.5189,22.121,16.0729,92.546471,2.3048
10, Lavu Sri Krishna Devarayalu, NARASARAOPET,17,7,11.1752,13.6755,13.2705,9.9319,141.884286,1.2433
11, Kinjarapu Ram Mohan Naidu, SRIKAKULAM,17,9.5,15.5906,21.1356,18.0881,14.5268,150.913684,1.0638
12, Goddeti Madhavi, ARAKU(ST),17,7,11.1461,16.0751,12.7113,10.5104,148.148571,0.6357
13, Sanjeev Kumar Singari, KURNOOL,19.5,7,7.2479,11.8554,11.3355,7.2349,101.355714,0.013
14, Magunta Sreenivasulu Reddy, ONGOLE,24.5,5,10.3075,17.0738,17.0738,8.6391,170.782,1.6684
15, Y.S. Avinash Reddy, KADAPA,17,7,11.0538,17.8726,12.3677,8.1337,114.195714,2.9201
16, Durga Prasad Rao Balli-Ex, TIRUPATI(SC),5,5,5.1501,5.935,4.5,1.9899,37.798,3.1602
17, Chandra Sekhar Bellana, VIZIANAGARAM,17,7,12.0785,12.6092,11.9143,9.8712,139.017143,2.2073
18, Margani Bharat, RAJAHMUNDRY,17,7,15.6804,25.2496,24.0581,13.4402,190.002857,2.2402
19, Nallakonda Gari Reddeppa, CHITTOOR,17,7,13.4497,24.0586,24.0586,10.0103,141.004286,3.4394
20, Jayadev Galla, GUNTUR,17,5,8.7015,11.7188,11.7188,6.3375,124.75,2.364
21, Nandigam Suresh, BAPATLA,17,7,11.8441,20.3126,19.9126,11.8288,166.982857,0.0153
22, Adala Reddy, NELLORE(SC),17,5,8.6926,11.753,9.633,6.7939,133.878,1.8987
23, Balashowry Vallabbhaneni, MACHILIPATNAM,17,7,13.2067,21.8703,18.2866,10.2996,145.137143,2.9071
24, Midhun Reddy, RAJAMPET,19.5,7,12.3909,28.8043,23.7913,10.3053,145.218571,2.0856
25, Geetha Viswanath Vanga, KAKINADA,17,7,7.3494,14.5425,11.2576,5.3381,74.258571,2.0113
26, Chinta Anuradha, AMALAPURAM(SC),17,5,5.304,13.0003,11.5304,5.1252,100.504,0.1788
27, Kotagiri Sridhar, ELURU,17,7,7.5129,24.7643,17.4073,6.0219,84.027143,1.491
28, Kiren Rijiju, ARUNACHAL WEST,17,7,7.3959,7.0795,6.7695,6.3345,88.492857,1.0614
29, Tapir Gao, ARUNACHAL EAST,17,7,7.9879,7.66,7.66,7.8,109.428571,0.1879
30, Teli Rameswar, DIBRUGARH,17,7,7.1836,6.9236,6.3696,6.1596,85.994286,1.024
31, Pallab Lochan Das, TEZPUR,17,9.5,9.6472,9.4595,9.4593,8.7325,91.615789,0.9147
32, Gaurav Gogoi, KALIABOR,17,12,12.1514,11.7472,11.1682,10.9593,91.3275,1.1921
33, Ajmal Badruddin, DHUBRI,17,12,12.1643,9.5434,9.5434,8.375,68.208333,3.7893
34, Rajdeep Roy, SILCHAR,17,12,12.1255,12,12,11.8771,98.975833,0.2484
35, Naba (Hira) Kumar Sarania, KOKRAJHAR (ST),17,9.5,9.58,9.1197,9.1115,9.1815,94.647368,0.3985
36, Horen Sing Bey, AUTONOMOUS DISTRICT(ST),29.5,19.5,20.2547,20,20,18.6401,95.590256,1.6146
37, Queen Oja, GUWAHATI,17,9.5,10.0725,7.36,9.1948,7.7379,81.451579,2.3346
38, Abdul Khaleque, BARPETA,17,7,7.1251,6.8887,6.8487,6.0964,85.091429,1.0287
39, Pradyut Bordoloi, NOWGONG,17,12,12.2237,12.4072,11.7019,11.1719,91.099167,1.0518
40, Kripanath Mallah, KARIMGANJ (SC),17,7,7.1458,7,6.6899,6.3294,90.42,0.8164
41, Dilip Saikia, MANGALDOI,17,9.5,9.6428,9.535,8.695,7.845,82.578947,1.7978
42, Topon Kumar Gogoi, JORHAT,17,7,7.276,6.9276,6.8976,6.258,87.4,1.018
43, Pradan Baruah, LAKHIMPUR,17,12,12.2036,12,12,11.3813,94.844167,0.8223
44, Dinesh Chandra Yadav, MADHEPURA,17,5,9.5163,14.8,8.7427,8.3643,165.286,1.152
45, Ravi Shankar Prasad, PATNA SAHIB,17,5,5.0856,6.3761,6.3149,5.0342,100.684,0.0514
46, Ashwini Kumar Choubey, BUXAR,17,9.5,9.7288,9.6614,9.5195,8.6115,90.647368,1.1173
47, Ashok Kumar Yadav, MADHUBANI,17,9.5,15.2984,11.7461,14.3256,13.9613,144.961053,1.3371
48, Kaushalendra Kumar, NALANDA,17,7,9.8061,14.5493,10.4794,8.8755,126.792857,0.9306
49, Mahabali Singh, KARAKAT,17,9.5,16.0257,15.7636,15.2794,13.152,137.915789,2.8737
50, Ajay Nishad, MUZAFFARPUR,17,12,13.1324,15.8,13.1249,12.8674,107.228333,0.265
51, Raj Kumar Singh, ARRAH,17,2.5,2.7988,9.5508,1.9077,0,0,2.7988
52, Giridhari Yadav, BANKA,17,9.5,9.6569,12.5518,9.6218,8.3034,86.351579,1.3535
53, Prince Raj, SAMASTIPUR(SC),17,9.5,9.8534,11.55,10.6558,9.6436,101.511579,0.2098
54, Ajay Kumar Mandal, BHAGALPUR,17,7,9.2844,20.7105,15.4899,7.9956,114.222857,1.2888
55, Baidyanath Prasad Mahto, VALMIKI NAGAR,5,5,5.0609,2.5,2.0787,1.5676,30.352,3.4933
56, Chirag Paswan, JAMUI(SC),17,7,7.1969,13.5914,6.9644,6.222,86.885714,0.9749
57, Santosh Kumar, PURNEA,17,7,10.4924,13.7,12.0742,10.4374,147.105714,0.055
58, Ramprit Mandal, JHANJHARPUR,17,12,12.2359,12.5246,12.0195,11.8725,96.9375,0.3634
59, Giriraj Singh, BEGUSARAI,17,7,7.3094,10.5322,5.8309,5.8809,83.298571,1.4285
60, Sushil Kumar Singh, AURANGABAD,17,5,5.3066,5.3,5.2827,4.3108,86.216,0.9958
61, Rajiv Pratap Rudy, SARAN,34.5,5,5.3092,4.8136,4.8136,2.431,48.12,2.8782
62, Nityanand Rai, UJJARPUR,17,7,9.108,15.0099,9.2585,6.71,95.857143,2.398
63, Sanjay Jaiswal, PASCHIM CHAMPARAN,17,5,5.2241,6.2,5.3021,4.8947,96.894,0.3294
64, Dulal Chandra Goswami, KATIHAR,17,12,12.2851,22.0391,12.8006,10.3942,86.618333,1.8909
65, Chhedi Paswan, SASARAM(SC),17,12,13.6504,14.8776,13.4934,12.8725,106.229167,0.7779
66, Pradeep Kumar Singh, ARARIA,17,7,9.0098,15.7941,15.5171,8.9798,128.282857,0.03
67, Sunil Kumar, VALMIKI NAGAR,12,4.5,7.6708,8.5,8.0176,6.6069,145.931111,1.0639
68, Ram Kripal Yadav, PATALIPUTRA,17,5,5.1963,16.7877,5.1768,2.2122,44.244,2.9841
69, Mehboob Ali Kaiser, KHAGARIA,17,12,12.6907,7.556,11.934,11.934,99.45,0.7567
70, Chandeshwar Prasad, JAHANABAD,17,7,7.3311,6.8701,6.6638,6.4941,90.772857,0.837
71, Dileshwar Kamait, SUPAUL,17,12,15.5585,25.3943,18.8021,15.4177,127.230833,0.1408
72, Rajiv Ranjan (Lalan) Singh, MUNGER,17,7,7.2086,18.2802,6.3206,4.9269,68.384286,2.2817
73, Pashupati Kumar Paras, HAJIPUR(SC),17,9.5,11.0924,14.5,13.2015,9.2884,97.12,1.804
74, Kavita Singh, SIWAN,17,7,7.2904,17.1,12.5898,6.824,95.485714,0.4664
75, Veena Devi, VAISHALI,17,5,5.2009,8.61,5.7884,5.11,100.2,0.0909
76, Mohammad Jawed, KISHANGANJ,19.5,9.5,9.7493,21.0202,11.6635,8.257,84.915789,1.4923
77, vijay kumar, GAYA (SC),17,9.5,9.7882,9.5,9.3915,8.0939,83.198947,1.6943
78, Chandan Singh, NAWADA,17,5,5.1976,4.4848,4.3834,2.9628,57.256,2.2348
79, Sunil Kumar Pintu, SITAMARHI,17,7,7.1757,7.8652,7.5163,6.9107,98.724286,0.265
80, Radha Mohan Singh, PURVI CHAMPARAN,17,7,10.0541,11.0654,9.6699,7.163,102.328571,2.8911
81, Alok Kumar Suman, GOPALGANJ (SC),17,9.5,11.2047,13.9864,10.2506,9.4593,97.571579,1.7454
82, Janardan Singh Sigriwal, MAHARAJGANJ,17,5,5.2069,7.501,4.7771,5.1892,101.784,0.0177
83, Gopal Jee Thakur, DARBHANGA,17,5,5.3635,6.2999,6.2999,3.6446,70.892,1.7189
84, Rama Devi, SHEOHAR,17,9.5,9.692,9.1302,9.121,8.7119,91.704211,0.9801
85, Kirron Kher, CHANDIGARH,17,7,11.7007,25.2589,15.7859,11.5348,163.354286,0.1659
86, Jyotsna Charandas Mahant, KORBA,17,12,12.5897,17.8266,12.9997,11.8159,96.465833,0.7738
87, Mohan Mandavi, KANKER(ST),17,9.5,9.5453,9.2612,9.1551,9.0373,93.129474,0.508
88, Santosh Pandey, RAJNANDGAON,17,9.5,11.2534,11.7832,10.2304,10.4204,107.688421,0.833
89, Sunil Kumar soni, RAIPUR,17,7,8.0214,11.686,6.9775,5.4322,75.602857,2.5892
90, Gomati Sai, RAIGARH(ST),17,12,12.9598,14.79,12.1949,11.6778,95.315,1.282
91, Guharam Ajgalley, JANJGIR CHAMPA(SC),17,12,13.2143,12.8874,12.5668,11.0942,90.451667,2.1201
92, Renuka Singh Saruta, SARGUJA(ST),17,9.5,9.6483,12.6328,9.1616,8.2221,85.074737,1.4262
93, Deepak Baij, BASTAR(ST),17,9.5,12.2928,20.4367,18.2195,11.9081,123.874737,0.3847
94, Chunni lal Sahu, MAHASAMUND,17,12,13.5768,14.5109,12.6549,11.6097,94.7475,1.9671
95, vijay baghel, DURG,17,9.5,10.4402,10.3215,10.1955,9.795,101.105263,0.6452
96, Arun Sao, BILASPUR,17,9.5,11.3906,11.6498,10.6017,8.9331,92.032632,2.4575
97, Kalaben Mohanbhai Delkar &, DADRA NAGAR HAVELI (ST),12,2,2.9472,2.6425,0.1702,0.0216,1.08,2.9256
98, Mohanbhai Sanjibhai Delkar-Ex &, DADRA NAGAR HAVELI (ST),10,2.5,2.6117,3.9074,1.7807,2.6117,104.356,0
99, Lalubhai Babubhai Patel &, DAMAN DIU,17,7,7.2888,24.688,7.1414,5.0343,71.918571,2.2545
100, Parvesh Sahib Singh, WEST DELHI,17,5,5.2898,21.5386,16.8675,4.6039,90.078,0.6859
101, Gautam Gambhir, EAST DELHI,17,7,9.2534,22.1254,17.615,9.0071,126.672857,0.2463
102, Meenakashi Lekhi, NEW DELHI,17,7,7.2775,26.3922,16.9197,7.2733,101.904286,0.0042
103, Harsh Vardhan, CHANDINI CHOWK,22,7.5,7.9412,23.5147,17.9877,6.6306,86.408,1.3106
104, Ramesh Bidhuri, SOUTH DELHI,17,7,7.4394,18.8718,14.2426,5.8902,82.145714,1.5492
105, Raj Hans Hans, NORTH WEST DELHI(SC),17,5,5.3127,20.4013,12.4454,5.1114,100.228,0.2013
106, Manoj Kumar Tiwari, NORTH EAST DELHI,17,7,8.757,22.0511,9.6396,6.0186,83.98,2.7384
107, Francisco Cosme Sardinha, SOUTH GOA,17,7,7.5241,14.8718,10.9479,7.2708,101.868571,0.2533
108, Shripad Yesso Naik, NORTH GOA,17,5,5.332,18.4715,8.0333,4.3873,85.746,0.9447
109, Devusinh Jesingbhai Chauhan, KHEDA,17,7,9.2657,10.3435,6.9275,6.9157,96.795714,2.35
110, Gitaben Vajesingbhai Rathva, CHHOTA UDAIPUR(ST),17,9.5,9.769,17.7199,12.215,9.7321,100.443158,0.0369
111, Shardaben Anilbhai Patel, MAHESANA,17,7,7.372,15.7012,11.6652,8.3619,117.455714,-0.9899
112, Naranbhai Bhikhabhai Kachhadiya, AMRELI,17,9.5,11.1691,33.358,13.4985,10.9232,112.981053,0.2459
113, Parbatbhai Savabhai Patel, BANASKANTHA,17,9.5,9.8136,15.111,10.4983,8.6939,89.514737,1.1197
114, Kirit Premjibhai Solanki, AHMEDABAD WEST(SC),17,9.5,9.5891,12.1863,11.3867,9.5794,98.835789,0.0097
115, Prabhubhai Nagarbhai Vasava, BARDOLI(ST),17,7,9.68,12.3433,8.3439,7.8185,109.692857,1.8615
116, Vinod Chavda, KACHCHH(SC),17,9.5,11.9766,19.4676,15.7509,9.6179,99.241053,2.3587
117, Mitesh Rameshbhai Bakabhai Patel, ANAND,17,9.5,11.1329,17.5274,12.8222,9.2323,95.708421,1.9006
118, Amit Anil Chandra Shah, GANDHINAGAR,17,9.5,9.6889,7.0066,6.9957,6.144,62.673684,3.5449
119, Jaswantsinh Sumanbhai Bhabhor, DAHOD(ST),17,7,7.0662,6.7803,6.7803,6.6926,93.608571,0.3736
120, Rajeshbhai Naranbhai Chudasama, JUNAGADH,17,7,11.5876,14.7227,12.1448,9.9339,139.912857,1.6537
121, C.R. Patil, NAVSARI,17,9.5,14.8678,14.7435,14.7393,14.4224,149.867368,0.4454
122,K.C. Patel, VALSAD(ST),17,7,7.9963,7.6119,7.3878,7.1136,99.622857,0.8827
123, Bharatsinhji Shankarji Dabhi, PATAN,17,9.5,9.7582,13.5332,8.9767,7.7476,79.553684,2.0106
124, Mohanbhai Kalyanji Kundariya, RAJKOT,17,5,9.4141,12.8738,9.4295,8.5213,169.426,0.8928
125, Ranjanben Dhananjay Bhatt, VADODARA,17,9.5,14.618,13.3697,12.9175,12.6238,130.882105,1.9942
126, Mansukhbhai Dhanjibhai Vasava, BHARUCH,17,9.5,10.1999,16.0062,10.8665,9.6265,99.331579,0.5734
127, Darshana Vikram Jardosh, SURAT,17,9.5,9.8057,10.5521,9.4148,9.2454,95.32,0.5603
128, Poonamben Hematbhai Maadam, JAMNAGAR,17,9.5,9.8131,11.2592,9.3252,7.622,78.231579,2.1911
129, Mahendrabhai Kalubhai Munjpara, SURENDRANAGAR,17,7,7.4192,7.4661,6.8812,6.8081,95.258571,0.6111
130, Hasmukh bhai Soma bhai Patel, AHMEDABAD EAST,17,9.5,9.7264,15.3581,10.4944,8.8347,90.996842,0.8917
131, Bharatiben Dhirubhai Shyal, BHAVNAGAR,17,7,9.955,18.2828,11.8159,9.7617,137.452857,0.1933
132, Dipsinh Shankarsinh Rathod, SABARKANTHA,17,9.5,9.6907,12.217,11.2814,9.0034,92.772632,0.6873
133, Rameshbhai Lavjibhai Dhaduk, PORBANDAR,17,9.5,12.9787,14.4591,13.3566,12.8236,132.985263,0.1551
134, Ratansinh Magansinh Rathod, PANCHMAHAL,17,7,7.2249,11.3559,6.781,6.47,90.428571,0.7549
135, Krishan Pal Gurjar, FARIDABAD,17,5,5.862,5.7558,5.7558,2.9295,56.59,2.9325
136, Sunita Duggal, SIRSA(SC),17,9.5,9.7022,14.6865,9.5745,6.8655,71.742105,2.8367
137, Arvind Kumar Sharma, ROHTAK,17,5,5.2056,12.7735,4.9952,2.5234,48.468,2.6822
138, Ramesh Chander Kaushik, SONEPAT,17,9.5,10.106,10.6523,9.0478,7.1414,73.172632,2.9646
139, Dharambir Singh, BHIWANI MAHENDRAGARH,17,12,13.5875,14.6672,13.347,11.9869,97.890833,1.6006
140, Brijendra Singh, HISAR,17,7,7.2327,8.9236,7.7177,4.9733,69.047143,2.2594
141, Nayab Singh, KURUKSHETRA,17,9.5,10.2373,13.8852,9.8983,7.3015,74.857895,2.9358
142, Rao Inderjit Singh, GURGAON,17,7,7.5116,7.5446,6.4711,5.6823,79.175714,1.8293
143, Rattan Lal kataria, AMBALA (SC),17,7,7.2146,12.24,5.1036,2.7097,36.71,4.5049
144, sanjay bhatia, KARNAL,22,10,11.51,23.249,11.1529,9.3529,91.529,2.1571
145, Kishan Kapoor, KANGRA,17,7,9.6263,8.6441,8.6441,6.8808,96.297143,2.7455
146, Pratibha Singh, MANDI,12,4.5,5.6005,5.2075,5.1718,3.1573,68.162222,2.4432
147, Suresh Kumar Kashyap, SHIMLA (SC),17,9.5,12.9989,12.8084,12.8084,11.88,123.052632,1.1189
148, Ram Swaroop Sharma-Ex, MANDI,10,2.5,5.3501,5.878,4.7531,3.0258,119.032,2.3243
149, Anurag Singh Thakur, HAMIRPUR,17,7,10.0947,9.8791,9.8791,7.7685,109.55,2.3262
150, Mohammad Akbar Lone, BARAMULLAH,17,9.5,9.53,12.7299,12.7299,8.0757,83.007368,1.4543
151, Jitendra Singh, UDHAMPUR,17,9.5,9.6823,10.679,10.679,7.1801,73.58,2.5022
152, Hasnain Masoodi, ANANTNAG,17,7,8.4602,8.4011,8.4011,5.7807,81.867143,2.6795
153, Jugal Kishore Sharma, JAMMU,17,9.5,9.6246,13.8975,12.0086,6.8508,70.113684,2.7738
154, Farooq Abdullah, SRINAGAR,17,9.5,10.7805,12.2433,10.4766,7.8246,80.364211,2.9559
155, Nishikant Dubey, GODDA,17,2.5,2.5,0,0,0,0,2.5
156, Chandra Prakash Choudhary, GIRIDIH,17,7,7.1089,10.0382,6.7826,6.2421,88.458571,0.8668
157, Sudarshan Bhagat, LOHARDAGA(ST),17,12,12.1354,12.08,12.08,11.9673,97.7275,0.1681
158, Vishnu Dayal Ram, PALAMU(SC),17,9.5,10.1993,12.3354,10.2119,8.7213,90.68,1.478
159, Pashupati Nath Singh, DHANBAD,17,9.5,12.2489,12.9311,11.9969,9.6448,99.524211,2.6041
160, Arjun Munda, KHUNTI(ST),17,9.5,9.639,9.639,9.639,9.5487,100.512632,0.0903
161, Sanjay Seth, RANCHI,17,12,14.5923,14.7752,14.7752,14.159,115.991667,0.4333
162, Vijay Kumar Hansdak, RAJMAHAL(ST),22,9.5,12.1301,11.9257,11.9257,11.7264,122.383158,0.4037
163, geeta kora, SINGHBHUM(ST),17,7,7.3104,7.2242,7.2242,6.1303,87.575714,1.1801
164, Bidyut Baran Mahato, JAMSHEDPUR,17,9.5,9.6681,8.9352,8.9352,9.1252,94.054737,0.5429
165, Sunil Soren, DUMKA(ST),17,7,8.7375,9.496,9.496,8.1678,114.682857,0.5697
166, Jayant Sinha, HAZARIBAGH,17,9.5,9.735,15.5608,9.3595,8.5933,90.344211,1.1417
167, Annpurna Devi, KODARMA,17,9.5,9.6789,12.619,9.1254,7.7286,79.353684,1.9503
168, Sunil Kumar Singh, CHATRA,19.5,12,15.5407,30.9642,14.962,12.934,107.783333,2.6067
169, V. Srinivas Prasad, CHAMARAJANAGAR(SC),17,9.5,11.8561,11.469,11.469,11.3927,117.923158,0.4634
170, Umesh Jadhav, GULBARGA(SC),17,2.5,7.2032,6.9103,6.9103,4.0967,161.868,3.1065
171, Nalin Kumar Kateel, DAKSHINA KANNADA,17,9.5,10.5054,10.3288,10.0038,9.5153,98.161053,0.9901
172, P.C. Mohan, BANGALORE CENTRAL,17,7,7.7118,7.7981,7.7981,6.8258,95.511429,0.886
173, Mangal Suresh Angadi, BELGAUM,12,2,2.2948,9.2068,2.1018,1.6818,82.09,0.613
174, Shobha Karandlaje, UDUPI CHIKMAGALUR,17,7,7.5448,7.0314,6.8423,6.4346,89.922857,1.1102
175, Prajwal Revanna, HASSAN,24.5,14.5,15.7961,14.7917,14.7917,14.2105,96.003448,1.5856
176, Pralhad Venkatesh Joshi, DHARWAD,17,7,7.5693,6.27,6.04,5.4204,75.805714,2.1489
177, Bhagwanth Khuba, BIDAR,17,9.5,14.9255,20.825,15.9421,14.2714,150.225263,0.6541
178, Doddaalahalli Kempegowda Suresh, BANGALORE RURAL,17,7,8.5614,8.475,8.475,7.6563,109.375714,0.9051
179, Sanganna Amarappa Karadi, KOPPAL,17,7,7.7696,6.86,6.86,6.4629,90.327143,1.3067
180, Parvatagouda Chandanagouda Gaddigoudar, BAGALKOT,17,9.5,11.5566,11.2872,11.2724,10.5495,109.047368,1.0071
181, Ramesh Chandappa Jigajinagi, BIJAPUR(SC),17,5,5.9998,19.9883,19.9585,3.705,74.1,2.2948
182, L.S. Tejasvi Surya, BANGALORE SOUTH,17,5,5.4537,9.9091,9.9091,5.3828,105.656,0.0709
183, Sumalatha Ambareesh, MANDYA,17,9.5,12.3009,11.8832,11.8832,10.7577,111.238947,1.5432
184, Annasaheb Shankar Jolle, CHIKKODI,17,7,7.4945,7.3369,6.6669,5.5644,77.491429,1.9301
185, Gowdar Mallikarjunappa Siddeshwara, DAVANAGERE,17,12,12.8694,16.84,11.835,11.1969,91.3075,1.6725
186, Bache B.N. Gowda, CHIKBALLAPUR,17,9.5,12.8671,12.6341,12.6248,12.5201,129.790526,0.347
187, Y Devendrappa, BELLARY(ST),17,7,8.977,8.45,8.45,8.0898,114.25,0.8872
188, Raja Amareshwara Naik, RAICHUR(ST),17,7,10.7376,10.5859,10.5679,9.5696,134.708571,1.168
189, Anantkumar Hegde, UTTARA KANNADA,17,12,12.4826,16.66,11.38,10.1975,82.979167,2.2851
190, Shivkumar Chanabasappa Udasi, HAVERI,17,7,9.7797,9.651,9.651,9.6031,135.187143,0.1766
191, B.Y. Raghavendra, SHIMOGA,17,7,11.988,14.3471,14.3471,11.6988,165.125714,0.2892
192, S. Muniswamy, KOLAR(SC),17,7,7.0766,6.6767,6.2022,6.0862,84.945714,0.9904
193, Gangasandra Siddappa Basavaraj, TUMKUR,17,7,11.6761,11.2899,11.2899,10.5935,149.335714,1.0826
194, D.V. Sadananda Gowda, BANGALORE NORTH,17,7,7.9949,12.1505,12.1505,7.9802,112.002857,0.0147
195, Prathap Simha, MYSORE,17,12,14.8217,14.4632,14.4632,13.7894,112.911667,1.0323
196, Suresh Chanabasappa Angadi-Ex, BELGAUM,10,5,5.1839,6.765,4.7,4,78,1.1839
197, Narayana Swamy Abbaiah, CHITRADURGA(SC),17,7,8.8009,8.4956,8.4956,7.675,107.642857,1.1259
198, Kumbakudi Sudhakaran, KANNUR,17,7,7.5539,18.1958,9.6082,4.8575,67.392857,2.6964
199, K. Muraleedharan,VADAKARA,17,7,10.1923,38.7526,15.5238,6.6941,94.201429,3.4982
200,Ramya Haridas,ALATHUR(SC),17,7,10.2691,34.238,19.4268,8.0485,112.978571,2.2206
201, N.K. Premachandran, KOLLAM,17,9.5,12.4382,39.1381,19.0727,10.2175,105.552632,2.2207
202, Abdul Majeed Ariff, ALAPPUZHA,17,7,7.2992,22.6104,10.9627,6.5627,91.752857,0.7365
203, Adoor Prakash, ATTINGAL,17,7,7.8276,23.4401,17.735,7.7608,108.868571,0.0668
204, Behanan Benny, CHALAKUDY,17,7,10.2565,28.821,17.8863,6.9429,97.184286,3.3136
205, Dean Kuria kose, IDUKKI,17,7,9.3727,22.805,15.4669,5.6851,79.215714,3.6876
206, E.T Mohammed Basheer, PONNANI,17,7,7.4178,26.883,14.9991,4.8596,67.422857,2.5582
207, Shashi Tharoor, THIRUVANANTHAPURAM,17,7,8.919,23.2066,16.3051,8.8809,124.87,0.0381
208, Vellalath Kochukrishnan Nair Sreekandan, PALAKKAD,17,7,9.8614,24.3907,15.8017,6.8813,96.304286,2.9801
209, Rajmohan Unnithan, KASARAGOD,19.5,7,7.7412,19.9966,11.6552,7.4655,104.65,0.2757
210, Thomas Chazhikadan, KOTTAYAM,17,7,7.3601,20.5465,12.9317,7.3427,102.895714,0.0174
211, Rahul Gandhi, WAYANAD,17,7,10.0658,20.8514,17.2175,8.782,123.457143,1.2838
212, Hibi Eden, ERNAKULAM,17,7,7.3988,26.6764,16.8924,5.7663,80.375714,1.6325
213, M.K. Raghavan, KOZHIKODE,17,7,8.3717,19.3091,15.4137,6.3829,89.184286,1.9888
214, T N Prathapan,THRISSUR,17,7,10.0871,29.6715,18.6211,8.0511,113.015714,2.036
215, Anto Antony, PATHANAMTHITTA,17,7,9.2736,34.7035,17.2925,9.2034,129.477143,0.0702
216, Kunhalikutty P.K,MALAPPURAM,5,5,5.9728,8.6749,5.177,5.118,100.36,0.8548
217, Suresh Kodikunnil, MAVELIKKARA(SC),17,7,12.1123,29.4574,19.843,7.3087,102.41,4.8036
218, Dr. M.P. Abdussamad Samadani, MALAPPURAM,12,2,2.0888,13.423,6.6031,0.6353,29.765,1.4535
219, Jamyang Tsering Namgyal, LADAKH,17,7,7.136,5.2815,6.1308,6.2708,87.582857,0.8652
220, Faizal P.P Mohammed, LAKSHADWEEP(ST),22,2.5,2.7114,4.0659,4.0659,2.0526,82.104,0.6588
221, Gyaneshwar Patil, KHANDWA,12,4.5,4.5208,5.5748,4.4806,3.8691,83.98,0.6517
222, Nakul K. Nath, CHHINDWARA,17,9.5,13.9317,16.0456,14.8343,12.6483,131.14,1.2834
223, Uday Pratap Singh, HOSHANGABAD,17,9.5,11.5893,14.4328,11.2894,10.5584,109.141053,1.0309
224, Ramakant Bhargava, VIDISHA,17,7,7.2232,7.0547,6.779,6.6058,92.368571,0.6174
225, Ganesh Singh, SATNA,17,9.5,9.7362,12.215,9.6556,9.7324,100.446316,0.0038
226, Rakesh Singh, JABALPUR,17,2.5,4.9357,9.1066,5.663,4.0521,160.084,0.8836
227, Mahendra Singh Solanky, DEWAS(SC),17,9.5,10.6025,11.887,10.587,10.4187,107.670526,0.1838
228, Rodmal Nagar, RAJGARH,17,9.5,11.8655,13.6147,11.2195,10.8042,113.728421,1.0613
229, Nand Kumar Singh Chauhan-Ex, KHANDWA,10,5,5.1117,7.1184,4.3623,4.4623,87.246,0.6494
230, Janardan Mishra, REWA,17,9.5,10.3834,10.2861,10.1356,8.6052,88.581053,1.7782
231, Sandhya Ray, BHIND(SC),17,9.5,12.4944,14.4852,11.6838,9.8414,101.593684,2.653
232, Shankar Lalwani, INDORE,17,9.5,9.6797,11.3527,10.0305,8.732,89.915789,0.9477
233, Himadri Singh, SHAHDOL (ST),17,9.5,9.6052,10.4577,9.2959,9.0236,92.985263,0.5816
234, Chhatar Singh Darbar, DHAR(ST),17,9.5,9.6283,10.603,9.7754,8.8303,90.950526,0.798
235, Vishnu Dutt Sharma, KHAJURAHO,17,7,7.2604,7,6.5689,5.7524,80.177143,1.508
236, Krishna Pal Singh Yadav, GUNA,17,7,7.3,7.3,7.3,7.3,104.285714,0
237, Gajendra Singh Patel, KHARGONE(ST),17,7,7.0618,7.0125,6.6772,6.2732,87.617143,0.7886
238, Pragya Singh Thakur, BHOPAL,17,9.5,9.6465,9.485,9.485,9.4566,97.543158,0.1899
239, Riti Pathak, SIDHI,17,5,5.1569,5.4376,5.2741,5.0293,100.586,0.1276
240, Dhal Singh Bisen, BALAGHAT,17,12,15.5257,17.1738,15.0876,15.125,124.608333,0.4007
241, Faggan Singh Kulaste, MANDLA(ST),17,9.5,9.7165,12.6339,9.4937,8.8177,90.871579,0.8988
242, Anil Firojiya, UJJAIN(SC),17,9.5,11.1394,17.3151,13.2104,10.9472,113.233684,0.1922
243, Prahlad Singh Patel, DAMOH,17,9.5,11.5346,12.6717,12.1985,9.7322,100.444211,1.8024
244, Rajbahadur Singh, SAGAR,17,7,8.0556,7.2814,7.2756,6.5152,92.574286,1.5404
245, Vivek Narayan Shejwalkar, GWALIOR,17,9.5,9.7967,14.9064,12.8741,9.3825,96.763158,0.4142
246, Narendra Singh Tomar, MORENA,17,7,7.3268,10.782,7.5069,5.6265,78.387143,1.7003
247, Durga Das Uikey, BETUL(ST),17,12,15.6572,16.1284,15.1126,13.4244,109.87,2.2328
248, Guman Singh Damor, RATLAM(ST),17,9.5,9.5626,16.8686,13.4428,9.3381,96.295789,0.2245
249, Virendra Kumar, TIKAMGARH(SC),17,9.5,9.7742,17.8308,9.5511,7.5498,77.471579,2.2244
250, Sudheer Gupta, MANDSOUR,17,7,7.2328,9.02,6.6465,6.6333,92.761429,0.5995
251, Manoj Kishorbhai Kotak, MUMBAI NORTH EAST,17,7,7.8985,13.1551,12.85,7.73,108.428571,0.1685
252, Udayanraje Pratapsingh Bhonsle, SATARA,10,0,0,0,0,0,0,0
253, Sudhakar Tukaram Shrangre, LATUR(SC),17,9.5,10.4435,26.6871,16.8329,10.4264,109.751579,0.0171
254, Sunil Baburao Mendhe, BHANDARA-GONDIYA,17,5,9.1086,17.8787,16.0148,6.5659,129.318,2.5427
255, Shrirang Appa Barne, MAVAL,17,7,7.3793,17.2912,14.4974,6.5368,91.382857,0.8425
256, Bhavana Gawali (Patil), YAVATMAL-WASHIM,17,5,5.0587,5.1665,5.1665,4.6151,90.302,0.4436
257, Rajendra Dhedya Gavit, PALGHAR(ST),19.5,9.5,10.7534,30.0756,17.8211,9.9401,102.632632,0.8133
258, Syed Shri Imtiaz Jaleel, AURANGABAD,17,9.5,9.7057,18.1672,14.8332,8.7434,90.035789,0.9623
259, Balubhau (Alias Suresh Narayan) Dhanorkar, CHANDRAPUR,17,9.5,9.647,14.532,9.2621,8.5606,88.111579,1.0864
260, Hemant Patil, HINGOLI,17,7,7.3023,27.17,8.8362,4.8631,67.472857,2.4392
261, Poonam (Mahajan) Vajendla Rao, MUMBAI NORTH-CENTRAL,17,9.5,9.8539,12.997,12.3,8.38,86.210526,1.4739
262, Shriniwas Dadasaheb Patil, SATARA,17,5,10.6456,24.3,22.2294,7.4782,147.564,3.1674
263, Prataprao Govindrao Patil Chikhalikar, NANDED,17,7,7.3203,15.7871,9.0673,5.1738,71.911429,2.1465
264, Krupal Balaji Tumane, RAMTEK(SC),17,7,7.3989,19.3687,11.0482,7.2545,102.207143,0.1444
265, Shrikant Eknath Shinde, KALYAN,17,9.5,9.8746,11.8292,9.9622,7.1846,74.574737,2.69
266, Ramdas Chandrabhanji Tadas, WARDHA,17,9.5,10.6584,27.031,12.7545,9.0448,93.734737,1.6136
267, Arvind Ganpat Sawant, MUMBAI SOUTH,17,7,7.3137,14.625,14.165,6.2211,86.872857,1.0926
268, Supriya Sadanand Sule, BARAMATI,17,9.5,9.6959,14.1056,13.7813,7.7748,79.84,1.9211
269, Amol Ramsing Kolhe, SHIRUR,17,7,7.5328,18.4632,13.2188,6.2298,86.997143,1.303
270, Rajan Baburao Vichare, THANE,17,7,7.3978,10.9879,10.0117,5.5703,78.147143,1.8275
271, Sunil Dattatray Tatkare, RAIGAD,17,7,10.5174,26.394,18.2447,6.8825,96.892857,3.6349
272, Sujay Radhakrishna Vikhepatil, AHMEDNAGAR,17,9.5,9.6925,12.96,11.1589,7.6514,78.541053,2.0411
273, Rahul Ramesh Shewale, MUMBAI SOUTH CENTRAL,17,7,7.3595,13.03,12.19,4.53,62.714286,2.8295
274, Prataprao Jadhav, BULDHANA,17,5,5.3501,16.7267,12.3062,4.9982,99.964,0.3519
275, Heena Vijaykumar Gavit, NANDURBAR(ST),17,7,7.1529,14.6292,7.1592,6.0773,86.818571,1.0756
276, Sanjay Shamrao Dhotre, AKOLA,17,9.5,9.7496,14.2836,11.7882,9.1883,94.718947,0.5613
277, Subhash Ramrao Bhamre, DHULE,17,9.5,9.8467,14.8679,11.8788,7.3167,75.017895,2.53
278, Sanjay Sadashivrao Mandlik, KOLHAPUR,17,7,7.3193,15.06,16.8775,7.2846,102.065714,0.0347
279, Raosaheb Patil Danve, JALNA,17,5,5.3003,19.665,12.9518,3.8074,75.904,1.4929
280, Sanjay Haribhau Jadhav, PARBHANI,17,7,7.2297,13.2715,8.1888,5.1672,72.388571,2.0625
281, Hemant Tukaram Godse, NASHIK,17,7,7.5834,13,12.2028,7.3748,103.354286,0.2086
282, Pritam Gopinath Munde, BEED,17,5,5.2898,8.4273,5.0786,2.5797,50.594,2.7101
283, Omprakash Bhupalsinh alias Pawan Rajenimbalkar, OSMANABAD,17,2.5,2.7151,12.5468,3.5009,1.8199,72.796,0.8952
284, Girish Bhalchandra Bapat, PUNE,12,7,7.9814,13.1752,11.2248,7.849,110.128571,0.1324
285, Gopal Chinayya Shetty, MUMBAI NORTH,17,9.5,9.95,15.27,12.041,8.5208,87.692632,1.4292
286, Dhairyasheel Sambhajirao Mane, HATKANANGLE,17,7,7.4774,14.35,16.8854,7.4172,103.96,0.0602
287, Ashok Mahadeorao Nete, GADCHIROLI-CHIMUR(ST),17,9.5,9.86,19.6385,8.9337,7.8143,80.782105,2.0457
288, Nitin Jairam Gadkari, NAGPUR,17,7,7.3424,16.3802,12.4485,6.9944,98.491429,0.348
289, Gajanan Chandrakant Kirtikar, MUMBAI NORTH WEST,17,9.5,9.81,19.341,12.28,6.99,71.578947,2.82
290, Jaisidheshwar Shivachary Mahaswamiji, SOLAPUR(SC),17,5,5.3402,14.7568,5.5703,4.0156,78.312,1.3246
291, Sanjay(Kaka) Ramchandra Patil, SANGLI,17,5,5.2437,16.2428,7.3344,4.9832,97.664,0.2605
292, Navneet Ravi Rana, AMRAVATI(SC),17,9.5,9.7808,30.5665,11.1281,7.8119,80.230526,1.9689
293, Sadashiv Kisan Lokhande, SHIRDI(SC),17,9.5,9.6612,16.73,12.5237,7.8552,80.686316,1.806
294, Raksha Nikhil Khadse, RAVER,17,7,7.2486,10.0614,6.7587,5.9138,82.482857,1.3348
295, Ranjeetsinha Hindurao Naik Nimbalkar, MADHA,17,7,7.372,17.8664,8.8741,5.5785,77.692857,1.7935
296, Unmesh Bhaiyyasaheb Patil, JALGAON,17,7,7.255,9.7391,8.9495,5.1779,71.97,2.0771
297, Vinayak Bhaurao Raut, RATNAGIRI-SINDHUDURG,17,9.5,13.1169,33.176,18.7062,10.5407,108.954737,2.5762
298, Kapil Moreshwar Patil, BHIWANDI,17,9.5,9.9021,12.8187,9.2956,7.3968,76.808421,2.5053
299, Bharti Pravin Pawar, DINDORI(ST),17,7,7.3633,12.3,11.2931,6.05,86.428571,1.3133
300, Ranjan Singh Rajkumar, INNER MANIPUR,17,7,7.1153,6.974,6.836,6.976,97.657143,0.1393
301, Lorho S. Pfoze, OUTER MANIPUR(ST),17,9.5,9.6015,10.257,9.37,9.5528,98.555789,0.0487
302, Vincent H Pala, SHILLONG,17,9.5,11.1356,13.635,10.635,10.47,108.210526,0.6656
303, Agatha K. Sangma, TURA,17,7,7.1265,6.89,6.61,6.5792,91.988571,0.5473
304, C Lalrosanga, MIZORAM (ST),17,9.5,9.5524,9.31,9.31,9.3351,96.105263,0.2173
305, Tokheho Yepthomi, NAGALAND,17,12,12.0259,11.76,11.76,12.024,98.2,0.0019
306, Mahesh Sahoo, DHENKANAL,17,9.5,13.8411,24.8654,14.0072,12.9407,134.217895,0.9004
307, Rajashree Mallick, JAGATSINGHPUR(SC),17,7,7.4278,6.86,6.3328,4.5954,63.648571,2.8324
308, Bishweswar Tudu, MAYURBHANJ (ST),17,9.5,9.7098,18.8585,9.31,7.0644,72.362105,2.6454
309, Nitesh Ganga Deb, SAMBALPUR,24.5,9.5,10.9087,14.915,10.67,8.4521,86.969474,2.4566
310, Manjulata Mandal, BHADRAK(SC),17,12,13.3565,16.21,13.1057,11.1636,91.03,2.1929
311, Pramila Bisoyi, ASKA,17,9.5,10.3164,12.5104,10.0273,7.514,77.094737,2.8024
312, Achyutananda Samanta, KANDHAMAL,17,9.5,9.6919,11.07,8.633,8.1276,83.553684,1.5643
313, Basanta Kumar Panda, KALAHANDI,17,7,7.2563,7.5,6.9045,6.0523,85.032857,1.204
314, Pinaki Misra, PURI,17,7,7.7763,7.3722,6.8272,6.6572,93.102857,1.1191
315, Jual Oram, SUNDARGARH (ST),17,7,7.4438,8.3401,7.114,5.8327,81.324286,1.6111
316, Chandra Sekhar Sahu, BERHAMPUR,17,9.5,10.0591,9.7591,9.1519,7.435,76.263158,2.6241
317, Chandrani Murmu, KEONJHAR(ST),17,7,7.2968,6.855,6.19,4.9937,69.338571,2.3031
318, Ramesh Chandra Majhi, NABARANGPUR(ST),17,9.5,11.0043,11.54,10.5091,9.1394,94.753684,1.8649
319, Aparajita Sarangi, BHUBANESWAR,17,9.5,9.684,16.4389,8.739,8.7,89.578947,0.984
320, Sangeeta Kumari Singh Deo, BOLANGIR,17,5,12.9142,24.1785,16.4585,10.0269,198.538,2.8873
321, Pratap Chandra Sarangi, BALASORE,17,7,7.2664,13.8288,7.0722,4.4597,62.281429,2.8067
322, Anubhav Mohanty, KENDRAPARA,19.5,9.5,14.923,25.3215,14.8338,12.7406,133.911579,2.1824
323, Suresh Pujari, BARGARH,17,9.5,9.8629,12.0625,9.66,7.7436,79.511579,2.1193
324, Sarmistha Sethi, JAJPUR(SC),17,9.5,9.708,9.9171,9.4513,7.6582,78.612632,2.0498
325, Bhartruhari Mahtab, CUTTACK,17,9.5,10.978,14.7732,10.2453,8.1915,84.226316,2.7865
326, Saptagiri Sankar Ulaka, KORAPUT(ST),17,9.5,12.0602,17.8946,11.2041,11.2965,116.910526,0.7637
327, Vaithilingam Ve., PONDICHERRY,17,7,7,22.7985,11.7012,5.0627,70.324286,1.9373
328, Amar Singh, FATEHGARH SAHIB(SC),17,9.5,10.937,15.3875,10.6241,8.1566,83.858947,2.7804
329, Gurjeet Singh Aujla, AMRITSAR,17,12,13.2694,13.0287,12.1011,11.4128,93.106667,1.8566
330, Simranjit Singh Mann, SANGRUR,10,2.5,2.7787,4.6174,1.8196,0.5283,19.132,2.2504
331, Santokh Singh Chaudhary, JALANDHAR(SC),17,7,7.8318,6.1585,5.3395,2.9567,40.81,4.8751
332, Sukhbir Singh Badal, FIROZPUR,17,9.5,9.9782,10.664,9.6659,8.2447,84.786316,1.7335
333, Manish Tewari, ANANDPUR SAHIB,17,9.5,10.979,12.1085,10.0421,8.1116,83.385263,2.8674
334, Harsimrat Kaur Badal, BHATINDA,17,7,8.938,12.5649,7.8914,7.175,100.5,1.763
335, Preneet Kaur, PATIALA,17,7,7.2274,7.0673,7.0673,6.6479,92.97,0.5795
336, Som Parkash, HOSHIARPUR(SC),17,7,7.4267,18.8949,7.6463,5.8614,81.734286,1.5653
337, Sunny Deol, GURDASPUR,17,7,7.2198,7.0222,7.0222,5.8454,81.505714,1.3744
338, Bhagwant Mann-Ex, SANGRUR,12,7,7.6488,8.2364,5.3892,2.7019,37.17,4.9469
339, Ravneet Singh, LUDHIANA,17,7,7.6905,10.3442,6.8733,4.9836,69.194286,2.7069
340, Jasbir Singh Gill, KHADOOR SAHIB,17,9.5,12.8279,12.6231,12.6231,10.8853,112.582105,1.9426
341, Mohammad Sadique, FARIDKOT(SC),17,9.5,12.9227,12.1496,12.1496,10.0311,104.116842,2.8916
342, Diya Kumari, RAJSAMAND,17,7,9.6062,14.0846,8.6167,8.7312,122.731429,0.875
343, Om Birla, KOTA,19.5,5,5.4031,7.4892,5.6969,2.4696,47.392,2.9335
344, Balak Nath, ALWAR,17,12,16.8032,22.7386,16.5199,14.3786,117.821667,2.4246
345, Chandra Prakash Joshi, CHITTORGARH,17,7,7.5032,13.0034,7.1649,6.1774,87.158571,1.3258
346, Kailash Choudhary, BARMER,17,9.5,10.0178,19.0155,10.5306,8.6005,88.531579,1.4173
347, Nihal Chand Chauhan, GANGANAGAR(SC),17,7,7.4576,11.1893,7.6015,5.186,72.085714,2.2716
348, Arjunlal Meena, UDAIPUR(ST),17,7,7.2291,7.0696,7.0695,6.3789,89.127143,0.8502
349, Arjun Ram Meghwal, BIKANER(SC),17,9.5,17.0028,23.3846,19.5082,13.5705,140.847368,3.4323
350, Ranjeeta Koli, BHARATPUR(SC),17,7,8.4226,11.5363,8.3914,6.9926,97.894286,1.43
351, Ramcharan Bohra, JAIPUR,17,7,7.45,9.2818,7.9818,5.8878,82.111429,1.5622
352, Devji Mansingram Patel, JALORE,17,9.5,10.028,10.9666,9.3098,9.4932,97.928421,0.5348
353, Sumedhanand Saraswati, SIKAR,17,9.5,9.7297,20.6701,9.2062,8.0418,82.650526,1.6879
354, Rajyavardhan Singh Rathore, JAIPUR RURAL,17,5,5.5219,7.2772,7.2572,4.0252,78.504,1.4967
355, Jaskaur Meena, DAUSA(ST),17,7,11.1101,11.4842,10.9551,11.0341,155.63,0.076
356, P.P. Chaudhary, PALI,17,7,7.2829,9.6703,7.8062,5.6371,78.53,1.6458
357, Kanakmal Katara, BANSWARA(ST),17,9.5,9.6553,20.2804,13.2401,7.3541,75.411579,2.3012
358, Dushyant Singh, JHALAWAR-BARAN,17,5,11.6237,14.0905,11.4405,9.4858,187.716,2.1379
359, Narendra Kumar, JHUNJHUNU,17,9.5,10.0961,16.5623,11.0297,7.7685,79.773684,2.3276
360, Bhagirath Chaudhary, AJMER,17,7,7.4738,15.4391,9.8423,5.1174,71.105714,2.3564
361, Rahul Kaswan, CHURU,17,9.5,13.0673,16.718,12.8066,10.6197,109.786316,2.4476
362, Manoj Rajoria, KARAULI-DHOLPUR(SC),19.5,5,10.8285,26.7182,9.3695,7.8753,155.506,2.9532
363, Hanuman Beniwal, NAGAUR,17,7,11.4161,13.3832,12.8707,11.2721,159.03,0.144
364, Subhash Chandra Baheria, BHILWARA,17,5,5.5043,6.5438,6.3762,5.4404,106.808,0.0639
365, Gajendra Singh Shekhawat, JODHPUR,22,7,7.8473,14.0922,7.349,6.4349,89.927143,1.4124
366, Sukhbir Singh Jaunapuria, TONK-SAWAI MADHOPUR,17,7,13.3398,16.8722,13.0572,10.421,146.871429,2.9188
367, Indra Hang Subba, SIKKIM,17,7,7.8625,12.4012,7.5412,7.6802,107.717143,0.1823
368, Ravikumar, D VILUPPURAM(SC),17,9.5,9.7243,12.6716,11.831,7.986,82.589474,1.7383
369, Kanimozhi Karunanidhi, THOOTHUKKUDI,17,7,7.3377,16.7135,14.087,6.785,96.928571,0.5527
370, Kathir Anand, DM VELLORE,14.5,7,7.1008,6.632,6.632,5.722,81.028571,1.3788
371, Ganesan Selvam, KANCHEEPURAM(SC),17,9.5,9.6398,16.8892,14.6722,9.0473,93.445263,0.5925
372, H. Vasanthakumar, KANNIYAKUMARI,10,5,5,7.8209,2.6575,3.058,59.16,1.942
373, P. Raveendranath Kumar, THENI,17,7,8.0624,16.6719,16.2081,7.0528,98.754286,1.0096
374, A. Ganeshamurthi, ERODE,17,7,7.236,16.1403,12.3725,7.0653,98.932857,0.1707
375, M Selvaraj,NAGAPATTINAM(SC),17,9.5,9.633,16.5521,13.3577,8.4943,87.94,1.1387
376,T.R.V.S. Ramesh,CUDDALORE,17,9.5,9.8995,11.7646,11.2885,9.3227,96.66,0.5768
377, Dayanidhi Maran, CHENNAI CENTRAL,17,7,8.7078,20.5118,16.7711,8.5292,121.845714,0.1786
378, S.S. Palanimanickam,THANJAVUR,17,7,7.2054,12.1854,9.5819,4.683,64.9,2.5224
379, K Jayakumar,TIRUVALLUR(SC),17,5,5.548,16.3648,12.5226,4.8422,94.844,0.7058
380, Vijayakumar alias Vijay Vasanth, KANNIYAKUMARI,12,2,2.1991,7.2688,6.8655,1.9573,95.865,0.2418
381, Kani K. Navas, RAMANATHAPURAM,17,5,5.7499,12.6842,11.8512,5.0399,98.798,0.71
382, S. Ramalingam,MAYILADUTHURAI,17,5,5.2876,17.0344,15.1594,5.1119,100.238,0.1757
383,A. Chellakumar,KRISHNAGIRI,17,7,7.2234,12.9197,12.2801,4.4944,62.205714,2.729
384, Thirumaa Valavan Thol, CHIDAMBARAM(SC),17,9.5,9.6606,16.6517,10.8182,9.4635,97.615789,0.1971
385, Manickam Tagore B,VIRUDHUNAGAR,17,7,8.1881,8.7335,8.6454,7.2143,101.061429,0.9738
386, T.R. Paarivendhar,PERAMBALUR,17,7,7.2602,11.9838,11.4752,6.1786,86.265714,1.0816
387, Thalikkottai Rajuthevar Baalu, SRIPERUMBUDUR,17,7,7.212,16.4642,13.7239,6.0855,85.221429,1.1265
388, DNV Senthilkumar S.,DHARAMAPURI,19.5,9.5,9.7564,16.5395,9.9389,7.3942,75.833684,2.3622
389, Su Thirunavukkarasar, TIRUCHIRAPPALLI,17,9.5,9.7131,11.7006,11.3926,9.6808,99.903158,0.0323
390, S. Gnanathiraviam, TIRUNELVELI,17,7,7.2836,17.4071,15.8913,6.9875,99.107143,0.2961
391,T.  Sumathy (A) Thamizhachi Thangapandian,CHENNAI SOUTH,22,7,7.2452,17.4599,13.8551,4.9683,70.975714,2.2769
392, Andimuthu Raja, NILGIRIS(SC),17,7,7.1665,13.471,10.861,6.7523,96.461429,0.4142
393, Dhanush M Kumar, TENKASI(SC),17,5,5.2283,13.2734,11.1387,4.9506,97.012,0.2777
394, Karti P Chidambaram,SIVAGANGA,17,7,7.1149,13.6332,10.4432,7.0696,98.994286,0.0453
395, S.R. Parthiban,SALEM,17,9.5,10.8055,17.4809,16.6939,10.4381,107.896842,0.3674
396, K. Subbarayan, TIRUPPUR,17,7,7.2098,16.6499,10.0405,6.3135,88.192857,0.8963
397,A.K.P Chinraj, NAMAKKAL,17,7,7.2768,12.2006,11.9642,4.4453,62.79,2.8315
398, S. Venkatesan, MADURAI,17,5,5.2503,16.6637,15.2605,4.3425,84.85,0.9078
399, V. Kalanidhi, CHENNAI NORTH,17,5,7.8324,19.711,13.6469,7.7986,155.972,0.0338
400, M.K. Vishnu Prasad,ARANI,17,12,12.1485,17.3575,15.8883,11.5587,94.3225,0.5898
401, K. Shanmuga Sundaram,POLLACHI,17,7,7.139,10.1767,9.6334,6.6953,94.218571,0.4437
402, C.N. Annadurai, TIRUVANNAMALAI,17,12,12.9488,17.5476,17.4573,11.4679,93.565833,1.4809
403, Gautham Sigamani Pon, KALLAKURICHI,17,7,7.1709,12.0497,11.8497,6.006,85.8,1.1649
404,S.  Jagathrakshakan, ARAKKONAM,17,7,7.1045,11.6889,9.2882,6.4192,90.274286,0.6853
405, P. Velusamy, DINDIGUL,17,7,7.7531,14.3221,12.1177,7.6718,109.597143,0.0813
406, P.R. Natarajan, COIMBATORE,17,7,8.5107,16.35,15.557,6.8109,95.87,1.6998
407, S. Jothimani, KARUR,17,9.5,10.0477,16.0991,12.9402,9.8688,101.882105,0.1789
408, Bheemrao Baswanthrao Patil, ZAHIRABAD,17,7,7.3697,8.8252,7.8052,4.5291,62.701429,2.8406
409, Ramulu Pothuganti, NAGARKURNOOL(SC),17,9.5,9.734,12.5597,11.6992,8.73,91.894737,1.004
410, Arvind Dharmapuri, NIZAMABAD,17,5,5.3277,18.519,15.938,4.3379,84.758,0.9898
411, Soyam Babu Rao, ADILABAD(ST),17,9.5,9.6503,10.4398,9.3913,6.7002,68.528421,2.9501
412, Kishan Reddy Gangapuram, SECUNDERABAD,17,7,7.2829,14.5718,14.0959,4.8514,67.305714,2.4315
413, Uttam Kumar Nalamada Reddy, NALGONDA,17,7,7.9676,10.4209,10.0109,5.5388,77.125714,2.4288
414, Dayakar Pasunoori, WARANGEL(SC),17,7,7.1393,9.6234,9.6234,5.3062,73.802857,1.8331
415, Nama Nageswara Rao, KHAMMAM,17,7,7.3255,14.167,14.167,4.4881,62.115714,2.8374
416, Kavitha Malothu, MAHABUBABAD,17,7,7.2316,6.8317,6.8284,5.4174,75.391429,1.8142
417, Anumula Revanth Reddy, MALKAJGIRI,17,7,7.4009,7.0798,6.7478,4.9784,69.12,2.4225
418, Sanjay Kumar Bandi, KARIMNAGAR,17,5,5.2327,10.6933,9.4225,5.0333,98.97,0.1994
419, Manne Srinivas Reddy, MAHABUBNAGAR,19.5,7,7.2405,16.1983,12.1633,7.2404,101.738571,0.0001
420, Asaduddin Owaisi, HYDERABAD,19.5,7,7.2336,13.3605,10.7104,6.0567,84.524286,1.1769
421, Komati Reddy Venkat Reddy, BHONGIR,17,7,7.1289,6.8725,6.8725,6.7598,94.568571,0.3691
422, Venkatesh Netha Borlakunta, PEDDAPALLE,17,7,7.492,6.7418,6.7418,5.3869,74.955714,2.1051
423, Kotha Prabhakar Reddy, MEDAK,17,7,7.2636,16.5854,16.5854,5.9406,83.641429,1.323
424, Gaddam Ranjith Reddy, CHELVELLA,17,7,7.3308,11.2092,10.9092,4.9467,68.667143,2.3841
425, Pratima Bhoumik, TRIPURA WEST,17,5,5.4714,7.5512,5.2913,2.8533,57.066,2.6181
426, Rebati Tripura, TRIPURA EAST(ST),34.5,24.5,24.6557,8.904,8.074,6.9326,28.296327,17.7231
427, Mahesh Sharma, GAUTAM BUDDHA NAGAR,17,9.5,12.1016,16.1474,11.532,11.1707,115.586316,0.9309
428, Feroze Varun Gandhi, PILIBHIT,17,9.5,9.6294,9.1566,9.1566,8.7419,90.967368,0.8875
429,Dimple Yadav,MAINPURI,7.5,2.5,2.5202,1.8159,1.8159,1.099,43.96,1.4212
430, Haji Fazlur Rehman, SAHARANPUR,17,9.5,10.0754,9.4237,9.4237,8.2418,84.755789,1.8336
431, Girish Chandra, NAGINA(SC),17,9.5,9.9703,9.7654,9.3577,8.4495,87.211579,1.5208
432, Jai Prakash, HARDOI (SC),17,9.5,9.7136,9.3903,8.8503,7.5719,77.704211,2.1417
433, Anupriya Patel, MIRZAPUR,17,7,7.5186,6.7796,6.7796,5.3736,74.765714,2.145
434, Satish Kumar Gautam, ALIGARH,17,12,12.227,12.0957,12.0957,11.9048,98.373333,0.3222
435, Virendra Singh, BALLIA,17,7,7.9178,7.9915,7.2414,5.9445,82.921429,1.9733
436, Narendra Modi, VARANASI,19.5,7,9.0791,9.2246,8.7111,8.6532,123.617143,0.4259
437, Rajesh Verma, SITAPUR,17,9.5,9.7072,10.5723,9.4602,6.8858,70.482105,2.8214
438, Satyadev Pachauri, KANPUR,17,12,13.059,12.7171,12.7171,11.3878,92.898333,1.6712
439, Rajkumar Chahar, FATEHPUR SIKRI,17,12,12.7106,12.4623,12.4623,11.8372,96.643333,0.8734
440, S.P. Singh Baghel,AGRA(SC),17,12,12.5277,12.2138,12.2138,11.4532,93.443333,1.0745
441, Chandra Sen Jadon, FIROZABAD,17,12,12.3677,12.0944,12.0944,11.7006,95.505,0.6671
442, B.P. Saroj Bholanath,MACHHLISHAHR(SC),17,12,12.4208,11.8567,11.8567,10.3589,84.324167,2.0619
443, Satya Pal Singh, BAGHPAT,17,7,7.827,10.6665,9.8211,4.8616,67.451429,2.9654
444, Rajendra Agrawal, MEERUT,17,9.5,10.4067,10.1407,10.1407,9.2288,95.145263,1.1779
445, Dharmendra Kumar Kashyap, AONLA,19.5,12,13.5099,12.9494,12.9494,11.8367,96.639167,1.6732
446, Shafiqur Rahman Barq, SAMBHAL,17,12,12.1198,12.0587,11.1563,9.9315,82.7625,2.1883
447, Mohammad Azam Khan-ex, RAMPUR,7.5,2.5,2.9526,2.3745,2.3745,2.3745,94.98,0.5781
448, Rajveer Raju Bhaiya Singh, ETAH,17,9.5,9.6831,9.5342,9.5342,9.0397,93.154737,0.6434
449, Sanghamitra Maurya, BADAUN,17,9.5,9.7226,9.5,9.1428,7.1911,73.695789,2.5315
450, Harish Dwivedi, BASTI,17,5,5.8761,11.669,11.669,5.7453,112.906,0.1308
451, Santosh Kumar Gangwar, BAREILLY,19.5,12,12.2287,11.8925,11.8925,10.3069,83.890833,1.9218
452, Rajveer Diler, HATHRAS (SC),17,9.5,9.7063,9.3022,9.1937,9.0521,93.285263,0.6542
453, Smriti Irani, AMETHI,17,7,7.3689,7.0937,7.0937,5.4335,77.621429,1.9354
454, Sonia Gandhi, RAE BARELI,17,7,7.283,9.784,6.6242,5.0909,70.727143,2.1921
455, Mulayam Singh Yadav, MAINPURI,17,7,8.0742,7.6814,7.6814,6.8662,97.374286,1.208
456, Danish Ali Kunwar, AMROHA,17,9.5,9.8159,13.084,9.4124,9.152,94.336842,0.6639
457, Dinesh Lal Yadav(Nirahua), AZAMGARH,10,5,5.0302,5.82,4.9512,4.0615,79.23,0.9687
458, Pakauri Lal, ROBERTSGANJ(SC),17,12,12.7153,13.1108,13.1108,11.1253,90.710833,1.59
459, Keshari Devi Patel, PHULPUR,17,7,8.0086,11.7186,7.5259,5.7483,80.118571,2.2603
460, Akhilesh Yadav-Ex, AZAMGARH,7,7,7.1259,5.305,4.6884,4.2536,59.337143,2.8723
461, Kamlesh Paswan, BANSGAON(SC),17,9.5,9.8184,9.2499,9.2499,7.717,81.031579,2.1014
462, Bhola Singh, BULANDSHAHR(SC),17,9.5,10.5414,12.2,10.3321,10.5215,108.752632,0.0199
463, Seyed Tufail Hasan, MORADABAD,17,12,12.1812,13.2769,11.4823,10.5166,85.638333,1.6646
464, Niranjan Jyoti, FATEHPUR,17,9.5,9.9032,9.9554,9.688,8.2224,84.551579,1.6808
465, Upendra Singh Rawat, BARABANKI(SC),19.5,12,15.2909,14.5424,14.5424,12.7299,104.0825,2.561
466, Anurag Sharma, JHANSI,17,7,10.6201,9.9127,9.9054,8.351,118.401429,2.2691
467, Rita Bahuguna Joshi, ALLAHABAD,17,9.5,11.4925,17.1176,10.3673,8.611,88.642105,2.8815
468, Bhanu Pratap Singh Verma, JALAUN(SC),24.5,14.5,15.2568,14.9009,14.9009,13.9693,94.34,1.2875
469, Rajnath Singh, LUCKNOW,17,12,13.2695,12.4543,12.4543,10.8395,88.329167,2.43
470, Ashok Kumar Rawat, MISRIKH(SC),17,9.5,9.7241,11.4589,8.9345,7.6902,78.949474,2.0339
471, Maneka Sanjay Gandhi, SULTANPUR,17,9.5,11.0235,11.0037,11.0037,8.3786,86.195789,2.6449
472, Sanjeev Kumar Balyan, MUZAFFARNAGAR,17,12,12.699,13.6689,12.6228,10.4346,86.955,2.2644
473, Vinod Kumar Sonkar, KAUSHAMBI(SC),17,12,12.1113,12.2698,11.8418,10.654,88.783333,1.4573
474, Pankaj Chowdhary, MAHARAJGANJ,17,9.5,9.6051,9.4259,9.4259,9.2045,95.015789,0.4006
475, Rekha Arun Verma, DHAURAHRA,17,12,12.6037,13.0376,12.2365,12.1052,98.876667,0.4985
476, Sangam Lal Gupta, PRATAPGARH,17,9.5,10.8724,10.474,10.474,8.6213,90.750526,2.2511
477, Afzal Ansari, GHAZIPUR,17,9.5,10.7964,10.2868,9.8363,8.5901,88.422105,2.2063
478, Hema Malini, MATHURA,17,7,8.5317,18.1762,18.1762,10.3921,146.458571,-1.8604
479, Subrata Pathak, KANNAUJ,17,9.5,11.4365,12.7062,10.8219,9.4754,97.741053,1.9611
480, Vijay Kumar Dubey, KUSHI NAGAR,17,12,12.3355,12.7406,11.7564,10.9654,89.378333,1.3701
481, Devendra alias Bhole Singh, AKBARPUR,17,9.5,10.0877,9.6763,9.6763,8.1319,83.598947,1.9558
482, Ram Shiromani, SHRAWASTI,17,5,6.1276,5.453,5.453,4.5329,88.658,1.5947
483, R.K. Singh Patel,BANDA,17,9.5,10.2349,10.05,9.8804,9.4007,96.954737,0.8342
484, Ravindra Kushawaha, SALEMPUR,17,7,8.4689,9.8581,8.1211,6.8342,95.631429,1.6347
485, Shyam Yadav Singh, JAUNPUR,17,7,8.2928,7.9696,7.9696,5.7353,79.932857,2.5575
486, General Dr.Vijay Kumar Singh Retd., GHAZIABAD,17,9.5,11.2857,20.0241,11.3428,7.4674,78.604211,3.8183
487, Brijbhushan Sharan Singh, KAISERGANJ,19.5,12,12.6553,12.0674,12.0674,12.3074,100.561667,0.3479
488, Ghanshyam Singh Lodhi, RAMPUR,14.5,9.5,10.1243,9.8419,9.8419,8.1784,84.088421,1.9459
489, Ramapati Ram Tripathi, DEORIA,17,9.5,9.7914,9.1749,9.1749,9.0693,93.466316,0.7221
490, Malook Nagar, BIJNOR,17,7,7.6397,6.5799,6.5499,4.7571,65.958571,2.8826
491, Praveen Kumar Nishad, SANT KABIR NAGAR,17,7,8.482,9.0174,7.3836,5.9777,83.395714,2.5043
492, Ajay (Teni) Misra, KHERI,17,12,12.3222,12.1064,12.068,12.1858,99.548333,0.1364
493, Atul Kumar Singh, GHOSI,17,7,7.4101,10.3638,6.5194,6.0787,84.838571,1.3314
494, Mukesh Rajput, FARRUKHABAD,17,9.5,11.3104,11.6294,11.0623,10.6707,110.323158,0.6397
495, Kaushal Kishore, MOHANLALGANJ(SC),17,12,12.9023,12.7131,12.7131,10.9701,90.584167,1.9322
496, Mahendra Nath Pandey, CHANDAULI,17,9.5,9.6836,8.7986,8.7986,8.7986,92.616842,0.885
497, Lallu Singh, FAIZABAD,17,9.5,10.4043,10.0263,10.0263,10.1711,105.064211,0.2332
498, Ritesh Pandey, AMBEDKAR NAGAR,17,9.5,9.6854,9.4594,9.4594,7.2573,74.392632,2.4281
499, Sangeeta Azad, LALGANJ (SC),17,12,12.2038,15.7525,11.7705,11.01,89.75,1.1938
500, Swami Sachchidanandhari Sakshi ji Maharaj, UNNAO,24.5,14.5,15.1209,14.7682,14.7682,12.5793,84.753793,2.5416
501, Ramesh Chand Bind, BHADOHI,17,9.5,10.6232,10.0439,9.574,9.229,95.147368,1.3942
502, Ravindra Shyamnarayan alias Ravi Kishan Shukla, GORAKHPUR,17,9.5,9.7406,9.5354,9.5354,7.2058,75.703158,2.5348
503, Pradeep Kumar Chaudhary, KAIRANA,17,9.5,10.5968,10.9457,10.3966,9.9816,103.069474,0.6152
504, Dr. Ram Shankar Katheria, ETAWAH(SC),17,9.5,9.6799,8.6414,8.6414,7.9087,81.670526,1.7712
505, Pushpendra Singh Chandel, HAMIRPUR,24.5,14.5,15.1447,16.22,15.0931,14.1972,97.742759,0.9475
506, Jagdambika Pal, DOMARIYAGANJ,17,7,7.4767,7.8136,6.5125,5.4838,76.34,1.9929
507, Kirti Vardhan Singh, GONDA,22,12,13.7708,12.82,12.82,12.8823,105.3525,0.8885
508, Akshaibar Lal, BAHRAICH(SC),29.5,19.5,20.0749,27.1958,19.6174,17.1794,86.099487,2.8955
509, Arun Kumar Sagar, SHAHJAHANPUR(SC),17,9.5,9.9879,9.9869,9.9869,9.9869,105.125263,0.001
510, Tirath Singh Rawat, GARHWAL,17,7,7.2545,7.8439,6.2743,4.3682,61.688571,2.8863
511, Ramesh Pokhriyal Nishank, HARDWAR,17,7,7.2074,7.3848,7.3848,5.25,73,1.9574
512, Ajay Tamta, ALMORA(SC),17,9.5,9.5879,9.3918,9.3918,7.8476,80.606316,1.7403
513, Mala Rajya Laxmi Shah, TEHRI GARHWAL,17,9.5,10.7843,10.0651,9.9946,9.3587,98.512632,1.4256
514, Ajay Bhatt, NAINITAL UDHAM SINGH NAG.,17,7,7.0647,8.0202,7,7.0471,98.672857,0.0176
515, S.S. Ahluwalia, BARDHAMAN-DURGAPUR,17,2.5,2.8,9.268,2.5502,0.0633,0.532,2.7367
516, Sisir Kumar Adhikari, KANTHI,17,7,7.8952,12.7469,7.3832,6.9299,96.998571,0.9653
517, Sunil Kumar Mondal, BARDHAMAN PURBA(SC),17,7,7.2278,11.8005,7.3009,4.9469,68.67,2.2809
518, Babul Supriyo-Ex, ASANSOL,17,5,5.0352,4.3283,1.7772,0.488,8.76,4.5472
519, Pratima Mondal, JOYNAGAR(SC),17,9.5,10.6326,13.3092,13.3092,9.1131,93.927368,1.5195
520, Shatrughan Sinha, ASANSOL,10,2.5,5.6008,11.6447,4.7175,3.3828,133.312,2.218
521, Choudhury Mohan Jatua, MATHURAPUR(SC),17,9.5,10.0221,11.6662,11.6662,8.7528,90.134737,1.2693
522, (Smt.) Kakoli Ghosh Dastidar, BARASAT,17,9.5,9.6695,10.6795,9.4668,5.5367,56.281053,4.1328
523, Sajda Ahmed, ULUBERIA,17,9.5,10.0303,11.5727,9.9279,9.5925,98.973684,0.4378
524, Sudip Bandyopadhyay, KOLKATA UTTAR,17,7,7.2388,12.3182,10.4326,4.4411,61.444286,2.7977
525, Arjun Singh, BARRACKPUR,17,7,7.3836,14.1487,8.3665,4.4654,61.791429,2.9182
526, Kunar Hembram, JHARGRAM(ST),17,9.5,14.4353,21.4238,13.6428,13.8074,143.341053,0.6279
527, John Barla, ALIPURDUARS(ST),17,7,7.182,6.4757,6.4757,5.6775,80.392857,1.5045
528, Khalilur Rahaman, JANGIPUR,27,7,7.2018,7.1457,7.0991,5.5403,77.147143,1.6615
529, Kalyan Banerjee, SREERAMPUR,17,9.5,10.4611,10.7619,10.2541,7.4808,76.745263,2.9803
530, Debasree Chaudhuri, RAIGANJ,17,12,12.2828,14.2933,11.9921,12.2008,99.673333,0.082
531, Mahua Moitra, KRISHNANAGAR,17,12,12.1567,12.691,12.534,10.3939,84.615833,1.7628
532, Jayanta Kumar Roy, JALPAIGURI(SC),17,5,5.0284,9.1951,4.0293,2.2394,42.788,2.789
533, Abhishek Banerjee, DIAMOND HARBOUR,17,9.5,10.6542,15.727,15.727,9.4653,97.634737,1.1889
534, Saumitra khan, BISHNUPUR(SC),17,7,7.2143,7.1111,6.9486,6.3855,89.221429,0.8288
535, Sukanta Majumdar, BALURGHAT,17,9.5,9.8726,11.0291,8.7008,7.231,74.115789,2.6416
536, Mala Roy, KOLKATA DAKSHIN,17,9.5,9.7069,12.7624,9.7865,6.8733,70.350526,2.8336
537, Mimi Chakraborty, JADAVPUR,17,9.5,10.1359,12.8921,12.8921,9.4536,97.511579,0.6823
538, Raju Bista, DARJEELING,17,7,7.2867,14.1627,6.8311,6.3969,89.384286,0.8898
539, Asit Kumar Mal, BOLPUR(SC),17,9.5,12.6022,14.867,11.7409,11.5551,119.632632,1.0471
540, Adhir Ranjan Chowdhury, BAHARAMPUR,29.5,7,7.7872,7.2384,7.0217,4.8102,66.717143,2.977
541, Jyotirmay Singh Mahato, PURULIA,17,5,5.3218,5.8901,5.1715,2.338,46.006,2.9838
542, Dilip Ghosh, MEDINIPUR,17,7,7.5027,9.1304,7.3365,6.7637,94.624286,0.739
543, Prasun Banerjee, HOWRAH,17,7,7.8537,8.0354,7.713,6.9851,97.787143,0.8686
544, Dibyendu Adhikari, TAMLUK,17,7,7.5542,7.6525,7.0243,6.2146,86.78,1.3396
545, Deepak (Dev) Adhikari, GHATAL,17,7,7.1854,10.7507,7.4205,6.3594,88.848571,0.826
546, Nusrat Jahan Ruhi, BASIRHAT,17,9.5,9.8242,10.0896,8.8454,7.6629,78.662105,2.1613
547, Jagannath Sarkar, RANAGHAT(SC),17,9.5,9.7323,10.3367,9.0983,6.76,69.157895,2.9723
548, Nisith Pramanik, COOCHBEHAR(SC),17,9.5,10.202,15.2345,9.2911,7.5074,77.025263,2.6946
549, Abu Taher Khan, MURSHIDABAD,29.5,7,7.1904,7.0708,6.2432,4.2775,59.107143,2.9129
550, Khagen Murmu, MALDAHA UTTAR,17,7,7.2796,6.9903,6.7377,4.76,66,2.5196
551, Aparupa Poddar, ARAMBAG(SC),17,9.5,10.1555,11.2881,9.9326,7.1563,73.329474,2.9992
552, Subhas Sarkar, BANKURA,17,5,5.2831,5.0826,5.0826,2.8607,55.214,2.4224
553, Abu Hasem Khan Choudhury, MALDAHA DAKSHIN,24.5,9.5,9.908,9.2265,8.7482,7.1721,73.495789,2.7359
554, Shantanu Thakur, BANGAON(SC),17,7,7.6644,13.202,7.0318,4.7257,65.51,2.9387
555, Saugata Roy, DUM DUM,17,9.5,9.699,11.1225,9.0978,7.2783,74.613684,2.4207
556, Locket Chatterjee, HOOGHLY,17,7,7.8585,11.0256,7.6118,4.9208,68.297143,2.9377
557, Satabdi Roy (Banerjee), BIRBHUM,17,9.5,9.7191,9.3884,9.2823,8.8777,91.449474,0.8414
